Feature,Importance
dust_ppm,0.20666934125992206
mean_time_to_fix_hours,0.17665755690899257
dgms_hazard_index,0.0981078944455326
strata_tell_tale_mm,0.0717526134588907
methane_ch4_pct,0.06619826654865049
if_anomaly_score,0.04973561278803062
compliance_mean_13w,0.048131284802618086
compliance_mean_4w,0.046128689533323136
interaction_mttf_overdue,0.03175973218326173
interaction_depth_strata,0.019787044741180235
frac_bad_weeks_13w,0.01973526712875536
violations_sum_4w,0.019538889833524673
violations_sum_13w,0.017504085299199376
compliance_score,0.015050752032980943
depth_norm,0.013124060711596063
depth_meters,0.012414364862050387
compliance_trend,0.010398160107255108
violation_momentum,0.009817228805477555
interaction_gassy_critical,0.008668192030966708
critical_max_13w,0.0085370445634899
compliance_min_13w,0.007433855997633312
overdue_rate,0.0064239260162740905
critical_violations,0.005890404567770621
total_violations,0.005778900582725531
critical_ratio,0.005059901559702146
major_violations,0.004529717189376583
overdue_count,0.004137410210017047
minor_violations,0.003982943202563576
gassy_degree_num,0.0032532891743712014
is_underground,0.0027465989969087806
weeks_since_last_critical,0.0010469704569589441
