geological_block_area_sqkm,total_geological_reserve_mt,total_extractable_reserve_mt,extraction_efficiency,stripping_ratio,total_ob_mcum,forest_area_ha,non_forest_area_ha,forest_pct,project_area_ha,borehole_density,target_capacity_mty,exploration_complete,mine_type_enc,coalfield_freq_enc,mining_plan_status_enc,forest_clearance_status_enc,env_clearance_status_enc,mining_lease_status_enc,clearances_pending,state_accidents_2022,state_killed_2022,state_fatality_rate,state_oc_accidents,state_ug_accidents,state_roof_fall_accidents,state_transport_accidents,state_fire_gas_accidents,risk_level_enc,risk_level,mine_name,state,coalfield,is_synthetic
4.672,97.035,9.552,0.0984,9.28,3.0,127.35,172.38,0.4249,299.73,19.0,0.78,0,0,0.2716,2,0,1,0,2,5.0,6.0,1.2,2.0,1.0,2.0,3.0,0.0,2,High,Choritand Tilaya Coal Block,Jharkhand,West Bokaro Coalfield,False
4.672,84.03,7.356,0.0875,5.365,3.0,115.2,53.9,0.6813,169.1,13.95,0.6,0,0,0.0123,0,0,0,0,4,5.0,6.0,1.2,2.0,1.0,2.0,3.0,0.0,3,Critical,Jogeshwar Coal Block,Jharkhand,South Eastern Part Of West Bokaro Coalfield,False
4.672,133.17,46.19,0.3468,4.65,3.0,77.0,526.0,0.1277,603.0,20.0,2.5,0,0,0.2716,0,0,0,0,4,5.0,6.0,1.2,2.0,1.0,2.0,3.0,0.0,3,Critical,Rabodh Coal Block,Jharkhand,West Bokaro Coalfield,False
12.45,241.735,191.54,0.7924,3.09,591.86,1127.31,125.8,0.8996,1253.1,18.0,8.0,1,0,0.1481,2,2,2,2,0,5.0,6.0,1.2,2.0,1.0,2.0,3.0,0.0,0,Low,Rohne Coal Block,Jharkhand,North Karanpura Coalfield,False
4.75,69.823,25.721,0.3684,5.365,140.02,475.0,475.0,1.0,475.0,13.57,2.08,1,0,0.0741,0,2,0,0,3,3.0,4.0,1.33,0.0,2.0,2.0,0.0,0.0,2,High,Urtan North Coal Block,Madhya Pradesh,Sohagpur Coalfield,False
1.841,75.106,10.785,0.1436,10.91,117.66,75.15,74.43,0.5024,149.58,17.7,2.64,1,1,0.1235,1,2,2,2,0,5.0,6.0,1.2,2.0,1.0,2.0,3.0,0.0,0,Low,Synthetic Mine 001,Jharkhand,East Bokaro Coalfield,True
0.97,29.094,10.431,0.3585,6.68,69.66,44.62,67.44,0.3982,112.06,12.0,1.81,1,0,0.1235,2,2,2,2,0,5.0,6.0,1.2,2.0,1.0,2.0,3.0,0.0,0,Low,Synthetic Mine 002,Jharkhand,Jharia Coalfield,True
1.629,162.714,58.909,0.362,2.55,150.19,60.42,164.65,0.2684,225.07,15.9,2.05,1,0,0.1481,0,2,2,2,1,5.0,6.0,1.2,2.0,1.0,2.0,3.0,0.0,0,Low,Synthetic Mine 003,Jharkhand,North Karanpura Coalfield,True
3.522,97.722,47.63,0.4874,7.72,367.73,156.72,288.06,0.3524,444.78,12.6,1.95,1,0,0.2716,0,2,0,0,3,5.0,6.0,1.2,2.0,1.0,2.0,3.0,0.0,2,High,Synthetic Mine 004,Jharkhand,West Bokaro Coalfield,True
5.984,254.178,130.287,0.5126,20.0,2605.74,202.63,429.61,0.3205,632.24,20.2,1.53,1,1,0.037,2,2,2,2,0,2.0,2.0,1.0,1.0,0.0,0.0,1.0,0.0,0,Low,Synthetic Mine 005,Chhattisgarh,Korba Coalfield,True
1.355,136.374,72.579,0.5322,5.84,423.71,29.01,94.58,0.2347,123.59,13.7,1.72,1,0,0.0494,0,0,2,2,2,0.0,0.0,0.0,0.0,0.0,0.0,0.0,0.0,1,Medium,Synthetic Mine 006,Orissa,Talcher Coalfield,True
3.407,24.477,15.071,0.6157,5.51,83.12,19.85,396.42,0.0477,416.27,6.6,2.39,1,0,0.1481,2,2,0,2,1,5.0,6.0,1.2,2.0,1.0,2.0,3.0,0.0,0,Low,Synthetic Mine 007,Jharkhand,North Karanpura Coalfield,True
3.171,171.198,32.97,0.1926,7.21,237.83,285.01,107.17,0.7267,392.18,12.5,4.25,1,1,0.1235,2,2,1,2,0,5.0,6.0,1.2,2.0,1.0,2.0,3.0,0.0,0,Low,Synthetic Mine 008,Jharkhand,Jharia Coalfield,True
1.916,87.671,40.729,0.4646,6.75,275.12,55.23,113.85,0.3267,169.08,17.8,5.78,1,0,0.1481,0,2,0,1,2,5.0,6.0,1.2,2.0,1.0,2.0,3.0,0.0,2,High,Synthetic Mine 009,Jharkhand,North Karanpura Coalfield,True
34.169,101.255,10.174,0.1005,9.1,92.61,805.8,2259.12,0.2629,3064.92,24.3,3.1,1,1,0.037,0,2,2,2,1,2.0,2.0,1.0,1.0,0.0,0.0,1.0,0.0,0,Low,Synthetic Mine 010,Chhattisgarh,Korba Coalfield,True
6.294,139.845,54.677,0.391,4.38,239.55,119.68,483.99,0.1983,603.67,16.7,2.25,1,0,0.0741,2,2,0,2,1,3.0,4.0,1.33,0.0,2.0,2.0,0.0,0.0,0,Low,Synthetic Mine 011,Madhya Pradesh,Sohagpur Coalfield,True
14.337,48.225,30.381,0.63,7.17,217.89,348.3,1627.55,0.1763,1975.85,16.1,0.93,0,0,0.0741,1,1,2,0,1,3.0,4.0,1.33,0.0,2.0,2.0,0.0,0.0,1,Medium,Synthetic Mine 012,Madhya Pradesh,Sohagpur Coalfield,True
5.967,95.658,44.788,0.4682,3.07,137.34,287.17,295.29,0.493,582.46,16.3,6.09,1,0,0.1235,1,1,0,2,1,5.0,6.0,1.2,2.0,1.0,2.0,3.0,0.0,1,Medium,Synthetic Mine 013,Jharkhand,Jharia Coalfield,True
4.508,33.604,11.068,0.3294,5.16,57.11,337.86,169.55,0.6659,507.41,10.5,1.76,1,1,0.2716,2,0,0,2,2,5.0,6.0,1.2,2.0,1.0,2.0,3.0,0.0,1,Medium,Synthetic Mine 014,Jharkhand,West Bokaro Coalfield,True
24.907,102.917,49.982,0.4857,4.99,249.44,1100.43,1374.78,0.4446,2475.21,6.7,1.3,1,0,0.1235,2,2,2,0,1,5.0,6.0,1.2,2.0,1.0,2.0,3.0,0.0,0,Low,Synthetic Mine 015,Jharkhand,Jharia Coalfield,True
16.929,79.622,33.205,0.417,11.31,375.54,606.89,1173.66,0.3408,1780.55,17.2,3.83,1,1,0.0123,2,2,2,2,0,3.0,4.0,1.33,0.0,2.0,2.0,0.0,0.0,0,Low,Synthetic Mine 016,Madhya Pradesh,Singrauli Coalfield,True
15.401,205.052,15.826,0.0772,10.18,161.14,281.3,1415.74,0.1658,1697.04,17.3,2.34,0,1,0.1235,2,0,0,1,2,5.0,6.0,1.2,2.0,1.0,2.0,3.0,0.0,2,High,Synthetic Mine 017,Jharkhand,East Bokaro Coalfield,True
3.293,72.312,6.704,0.0927,3.63,24.32,50.53,275.92,0.1548,326.45,16.8,3.34,0,0,0.1235,2,2,0,0,2,5.0,6.0,1.2,2.0,1.0,2.0,3.0,0.0,1,Medium,Synthetic Mine 018,Jharkhand,East Bokaro Coalfield,True
2.624,174.502,106.177,0.6085,4.44,471.66,112.28,215.84,0.3422,328.12,15.1,2.79,0,0,0.1235,1,0,1,2,1,5.0,6.0,1.2,2.0,1.0,2.0,3.0,0.0,1,Medium,Synthetic Mine 019,Jharkhand,East Bokaro Coalfield,True
4.039,117.999,61.805,0.5238,6.91,427.31,69.32,275.86,0.2008,345.18,10.9,1.78,1,0,0.0741,1,0,2,2,1,3.0,4.0,1.33,0.0,2.0,2.0,0.0,0.0,1,Medium,Synthetic Mine 020,Madhya Pradesh,Sohagpur Coalfield,True
7.01,130.653,12.91,0.0988,2.4,31.0,134.49,768.13,0.149,902.62,13.9,4.06,1,0,0.2716,2,1,1,2,0,5.0,6.0,1.2,2.0,1.0,2.0,3.0,0.0,0,Low,Synthetic Mine 021,Jharkhand,West Bokaro Coalfield,True
3.943,194.637,77.859,0.4,7.28,566.98,82.95,460.18,0.1527,543.13,16.1,2.25,1,0,0.2716,0,1,1,0,2,5.0,6.0,1.2,2.0,1.0,2.0,3.0,0.0,2,High,Synthetic Mine 022,Jharkhand,West Bokaro Coalfield,True
9.006,65.585,5.068,0.0773,4.69,23.75,519.72,535.82,0.4924,1055.54,8.2,0.58,0,0,0.0988,2,0,0,0,3,2.0,2.0,1.0,0.0,1.0,2.0,0.0,0.0,2,High,Synthetic Mine 023,West Bengal,Raniganj Coalfield,True
5.989,109.974,62.645,0.5696,4.64,290.42,164.94,330.46,0.3329,495.4,6.4,5.74,0,0,0.0988,0,0,2,2,2,2.0,2.0,1.0,0.0,1.0,2.0,0.0,0.0,1,Medium,Synthetic Mine 024,West Bengal,Raniganj Coalfield,True
5.515,73.873,48.005,0.6498,4.97,238.39,261.42,434.27,0.3758,695.69,18.1,2.42,1,0,0.2716,1,0,2,2,1,5.0,6.0,1.2,2.0,1.0,2.0,3.0,0.0,1,Medium,Synthetic Mine 025,Jharkhand,West Bokaro Coalfield,True
6.764,61.244,34.377,0.5613,10.76,369.82,350.36,414.7,0.458,765.06,18.2,5.8,1,1,0.1235,2,2,2,2,0,5.0,6.0,1.2,2.0,1.0,2.0,3.0,0.0,0,Low,Synthetic Mine 026,Jharkhand,Jharia Coalfield,True
9.105,47.604,12.327,0.2589,10.5,129.41,548.31,396.75,0.5802,945.06,14.7,0.52,1,1,0.1235,2,2,2,2,0,5.0,6.0,1.2,2.0,1.0,2.0,3.0,0.0,0,Low,Synthetic Mine 027,Jharkhand,East Bokaro Coalfield,True
4.173,18.151,4.672,0.2574,6.32,29.53,368.16,190.26,0.6593,558.42,12.3,1.28,1,1,0.2716,2,2,1,2,0,5.0,6.0,1.2,2.0,1.0,2.0,3.0,0.0,0,Low,Synthetic Mine 028,Jharkhand,West Bokaro Coalfield,True
4.131,56.948,30.162,0.5296,3.49,105.29,197.85,349.11,0.3617,546.96,13.9,1.54,1,0,0.1235,2,2,2,2,0,5.0,6.0,1.2,2.0,1.0,2.0,3.0,0.0,0,Low,Synthetic Mine 029,Jharkhand,Jharia Coalfield,True
2.827,127.92,75.105,0.5871,3.02,226.99,48.47,264.52,0.1549,312.99,11.2,0.82,1,0,0.2716,2,2,2,2,0,5.0,6.0,1.2,2.0,1.0,2.0,3.0,0.0,0,Low,Synthetic Mine 030,Jharkhand,West Bokaro Coalfield,True
10.426,104.966,36.64,0.3491,5.15,188.64,336.04,865.1,0.2798,1201.14,14.0,4.26,1,0,0.0988,2,0,2,2,1,2.0,2.0,1.0,0.0,1.0,2.0,0.0,0.0,0,Low,Synthetic Mine 031,West Bengal,Raniganj Coalfield,True
20.646,37.266,8.238,0.2211,4.03,33.18,705.85,1160.62,0.3782,1866.47,14.6,1.34,1,0,0.1481,2,0,1,2,1,5.0,6.0,1.2,2.0,1.0,2.0,3.0,0.0,1,Medium,Synthetic Mine 032,Jharkhand,North Karanpura Coalfield,True
2.927,25.451,9.024,0.3546,2.01,18.13,132.84,143.88,0.4801,276.72,28.9,0.72,1,0,0.2716,2,2,2,0,1,5.0,6.0,1.2,2.0,1.0,2.0,3.0,0.0,0,Low,Synthetic Mine 033,Jharkhand,West Bokaro Coalfield,True
10.86,118.113,48.117,0.4074,1.5,72.18,174.03,922.07,0.1588,1096.1,12.0,2.36,1,0,0.1481,2,0,0,2,2,5.0,6.0,1.2,2.0,1.0,2.0,3.0,0.0,1,Medium,Synthetic Mine 034,Jharkhand,North Karanpura Coalfield,True
3.957,94.018,34.207,0.3638,8.31,284.26,75.5,326.24,0.1879,401.74,5.6,1.74,1,1,0.2716,2,1,0,1,1,5.0,6.0,1.2,2.0,1.0,2.0,3.0,0.0,1,Medium,Synthetic Mine 035,Jharkhand,West Bokaro Coalfield,True
1.373,171.358,22.887,0.1336,6.39,146.24,88.92,64.89,0.5781,153.81,17.0,6.4,0,0,0.0988,0,2,2,0,2,2.0,2.0,1.0,0.0,1.0,2.0,0.0,0.0,1,Medium,Synthetic Mine 036,West Bengal,Raniganj Coalfield,True
6.182,35.609,17.212,0.4834,3.76,64.67,313.73,447.9,0.4119,761.63,6.1,6.34,1,0,0.0494,2,0,2,2,1,0.0,0.0,0.0,0.0,0.0,0.0,0.0,0.0,0,Low,Synthetic Mine 037,Orissa,Talcher Coalfield,True
18.648,98.521,59.458,0.6035,3.34,198.35,502.92,1633.7,0.2354,2136.62,12.4,1.11,0,0,0.2716,2,0,0,0,3,5.0,6.0,1.2,2.0,1.0,2.0,3.0,0.0,2,High,Synthetic Mine 038,Jharkhand,West Bokaro Coalfield,True
4.053,46.618,24.787,0.5317,4.0,99.17,109.56,215.78,0.3368,325.34,21.4,1.25,1,0,0.1235,2,2,2,2,0,5.0,6.0,1.2,2.0,1.0,2.0,3.0,0.0,0,Low,Synthetic Mine 039,Jharkhand,East Bokaro Coalfield,True
3.726,109.531,43.632,0.3984,2.98,129.96,261.14,251.75,0.5092,512.89,14.2,1.39,1,0,0.1235,0,2,2,2,1,5.0,6.0,1.2,2.0,1.0,2.0,3.0,0.0,0,Low,Synthetic Mine 040,Jharkhand,East Bokaro Coalfield,True
5.05,26.767,13.793,0.5153,5.22,72.05,4.55,536.82,0.0084,541.37,16.4,1.86,0,0,0.1235,2,2,2,1,0,5.0,6.0,1.2,2.0,1.0,2.0,3.0,0.0,0,Low,Synthetic Mine 041,Jharkhand,Jharia Coalfield,True
9.474,194.719,12.902,0.0663,3.48,44.93,214.03,925.81,0.1878,1139.84,14.3,1.74,1,0,0.2716,0,0,0,1,3,5.0,6.0,1.2,2.0,1.0,2.0,3.0,0.0,3,Critical,Synthetic Mine 042,Jharkhand,West Bokaro Coalfield,True
3.731,10.28,6.02,0.5856,11.97,72.06,88.69,392.76,0.1842,481.45,8.6,7.6,1,1,0.1481,2,2,0,0,2,5.0,6.0,1.2,2.0,1.0,2.0,3.0,0.0,1,Medium,Synthetic Mine 043,Jharkhand,North Karanpura Coalfield,True
4.911,63.453,19.361,0.3051,14.55,281.71,286.69,182.13,0.6115,468.82,15.5,0.71,1,1,0.1235,0,1,2,2,1,5.0,6.0,1.2,2.0,1.0,2.0,3.0,0.0,1,Medium,Synthetic Mine 044,Jharkhand,Jharia Coalfield,True
6.969,70.529,28.939,0.4103,8.1,234.28,102.51,733.1,0.1227,835.61,13.3,2.56,1,1,0.037,2,2,2,2,0,0.0,0.0,0.0,0.0,0.0,0.0,0.0,0.0,0,Low,Synthetic Mine 045,Orissa,Ib Valley Coalfield,True
2.097,759.289,340.315,0.4482,5.19,1767.87,54.15,140.65,0.278,194.8,7.4,0.68,1,0,0.1481,2,2,0,1,1,5.0,6.0,1.2,2.0,1.0,2.0,3.0,0.0,1,Medium,Synthetic Mine 046,Jharkhand,North Karanpura Coalfield,True
9.872,89.994,42.011,0.4668,6.46,271.57,38.88,912.07,0.0409,950.95,14.6,3.44,1,0,0.1481,0,1,0,0,3,5.0,6.0,1.2,2.0,1.0,2.0,3.0,0.0,3,Critical,Synthetic Mine 047,Jharkhand,North Karanpura Coalfield,True
4.237,10.371,1.895,0.1827,7.46,14.13,99.68,247.91,0.2868,347.59,13.9,4.91,0,0,0.0494,1,2,2,2,0,0.0,0.0,0.0,0.0,0.0,0.0,0.0,0.0,0,Low,Synthetic Mine 048,Orissa,Talcher Coalfield,True
4.202,68.179,17.312,0.2539,3.9,67.49,172.43,346.51,0.3323,518.94,19.3,2.71,1,0,0.2716,2,2,0,2,1,5.0,6.0,1.2,2.0,1.0,2.0,3.0,0.0,0,Low,Synthetic Mine 049,Jharkhand,West Bokaro Coalfield,True
2.963,223.486,75.521,0.3379,7.85,592.48,254.93,157.05,0.6188,411.98,6.2,1.8,1,1,0.1235,2,2,2,2,0,5.0,6.0,1.2,2.0,1.0,2.0,3.0,0.0,0,Low,Synthetic Mine 050,Jharkhand,Jharia Coalfield,True
2.354,257.366,46.571,0.181,3.01,140.02,161.64,160.87,0.5012,322.51,20.8,6.92,1,0,0.1235,2,2,2,2,0,5.0,6.0,1.2,2.0,1.0,2.0,3.0,0.0,0,Low,Synthetic Mine 051,Jharkhand,East Bokaro Coalfield,True
13.963,30.854,14.428,0.4676,5.88,84.86,139.01,1166.05,0.1065,1305.06,19.7,1.73,1,0,0.1235,0,0,0,0,4,5.0,6.0,1.2,2.0,1.0,2.0,3.0,0.0,3,Critical,Synthetic Mine 052,Jharkhand,East Bokaro Coalfield,True
7.149,9.502,1.956,0.2059,2.64,5.17,158.54,723.74,0.1797,882.28,14.9,5.11,1,0,0.2716,0,0,2,0,3,5.0,6.0,1.2,2.0,1.0,2.0,3.0,0.0,2,High,Synthetic Mine 053,Jharkhand,West Bokaro Coalfield,True
7.189,165.456,92.713,0.5603,6.07,562.46,297.19,638.94,0.3175,936.13,22.7,1.72,1,0,0.037,0,2,0,1,2,0.0,0.0,0.0,0.0,0.0,0.0,0.0,0.0,2,High,Synthetic Mine 054,Orissa,Ib Valley Coalfield,True
2.301,55.96,11.521,0.2059,5.18,59.69,141.3,130.26,0.5203,271.56,14.5,2.71,1,0,0.0988,2,0,0,0,3,2.0,2.0,1.0,0.0,1.0,2.0,0.0,0.0,2,High,Synthetic Mine 055,West Bengal,Raniganj Coalfield,True
4.985,27.109,6.981,0.2575,3.9,27.2,193.76,465.68,0.2938,659.44,12.4,2.03,1,0,0.0741,2,1,2,0,1,3.0,4.0,1.33,0.0,2.0,2.0,0.0,0.0,1,Medium,Synthetic Mine 056,Madhya Pradesh,Sohagpur Coalfield,True
0.88,104.442,19.057,0.1825,8.11,154.64,25.77,48.95,0.3449,74.72,18.3,2.08,1,1,0.2716,2,0,2,0,2,5.0,6.0,1.2,2.0,1.0,2.0,3.0,0.0,1,Medium,Synthetic Mine 057,Jharkhand,West Bokaro Coalfield,True
1.647,231.311,131.527,0.5686,6.38,838.79,35.83,114.24,0.2388,150.07,18.6,1.15,1,0,0.1481,1,0,0,1,2,5.0,6.0,1.2,2.0,1.0,2.0,3.0,0.0,2,High,Synthetic Mine 058,Jharkhand,North Karanpura Coalfield,True
5.804,14.037,4.842,0.3449,4.23,20.48,31.9,454.8,0.0655,486.7,12.7,0.41,1,0,0.0741,0,2,0,0,3,3.0,4.0,1.33,0.0,2.0,2.0,0.0,0.0,2,High,Synthetic Mine 059,Madhya Pradesh,Sohagpur Coalfield,True
4.469,17.144,7.216,0.4209,6.44,46.47,251.79,108.33,0.6992,360.12,15.2,1.96,1,1,0.2716,1,1,0,2,1,5.0,6.0,1.2,2.0,1.0,2.0,3.0,0.0,1,Medium,Synthetic Mine 060,Jharkhand,West Bokaro Coalfield,True
2.496,221.264,15.257,0.069,7.86,119.98,137.67,202.15,0.4051,339.82,12.1,4.77,0,0,0.2716,0,2,1,0,2,5.0,6.0,1.2,2.0,1.0,2.0,3.0,0.0,2,High,Synthetic Mine 061,Jharkhand,West Bokaro Coalfield,True
3.335,66.99,5.775,0.0862,3.58,20.65,83.82,357.38,0.19,441.2,12.1,7.46,1,0,0.1235,0,0,1,2,2,5.0,6.0,1.2,2.0,1.0,2.0,3.0,0.0,2,High,Synthetic Mine 062,Jharkhand,Jharia Coalfield,True
6.354,162.56,79.053,0.4863,4.69,370.46,75.74,715.71,0.0957,791.45,16.1,4.63,1,0,0.2716,2,0,0,0,3,5.0,6.0,1.2,2.0,1.0,2.0,3.0,0.0,2,High,Synthetic Mine 063,Jharkhand,West Bokaro Coalfield,True
14.603,217.042,106.322,0.4899,6.05,643.73,347.57,1617.16,0.1769,1964.73,13.5,1.99,1,0,0.0988,2,2,2,2,0,2.0,2.0,1.0,0.0,1.0,2.0,0.0,0.0,0,Low,Synthetic Mine 064,West Bengal,Raniganj Coalfield,True
10.485,14.959,7.69,0.5141,8.85,68.06,236.25,684.86,0.2565,921.11,5.0,2.66,0,1,0.1481,2,2,1,0,1,5.0,6.0,1.2,2.0,1.0,2.0,3.0,0.0,1,Medium,Synthetic Mine 065,Jharkhand,North Karanpura Coalfield,True
8.826,185.397,62.067,0.3348,6.0,372.11,423.92,592.1,0.4172,1016.02,14.0,3.7,1,0,0.2716,2,2,0,2,1,5.0,6.0,1.2,2.0,1.0,2.0,3.0,0.0,0,Low,Synthetic Mine 066,Jharkhand,West Bokaro Coalfield,True
4.672,62.762,35.821,0.5707,6.21,222.47,6.24,494.98,0.0124,501.22,20.5,1.07,1,0,0.2716,0,0,2,0,3,5.0,6.0,1.2,2.0,1.0,2.0,3.0,0.0,2,High,Synthetic Mine 067,Jharkhand,West Bokaro Coalfield,True
8.989,89.629,55.281,0.6168,4.88,269.61,704.7,347.71,0.6696,1052.41,15.3,1.05,1,1,0.2716,1,1,2,0,1,5.0,6.0,1.2,2.0,1.0,2.0,3.0,0.0,1,Medium,Synthetic Mine 068,Jharkhand,West Bokaro Coalfield,True
7.65,149.178,77.488,0.5194,4.37,338.3,317.01,555.27,0.3634,872.28,18.0,3.64,1,0,0.0123,0,1,2,1,1,0.0,0.0,0.0,0.0,0.0,0.0,0.0,0.0,1,Medium,Synthetic Mine 069,Maharashtra,Wardha Valley Coalfield,True
16.048,23.407,6.627,0.2831,2.28,15.1,404.07,1239.2,0.2459,1643.27,11.5,0.46,0,0,0.1235,2,1,2,1,0,5.0,6.0,1.2,2.0,1.0,2.0,3.0,0.0,0,Low,Synthetic Mine 070,Jharkhand,East Bokaro Coalfield,True
2.595,560.382,285.195,0.5089,7.12,2029.91,78.02,256.17,0.2335,334.19,11.2,1.83,1,0,0.0988,2,2,2,0,1,2.0,2.0,1.0,0.0,1.0,2.0,0.0,0.0,0,Low,Synthetic Mine 071,West Bengal,Raniganj Coalfield,True
2.031,139.878,41.702,0.2981,4.63,193.14,36.32,209.1,0.148,245.42,16.1,5.92,1,0,0.0988,2,2,0,1,1,2.0,2.0,1.0,0.0,1.0,2.0,0.0,0.0,1,Medium,Synthetic Mine 072,West Bengal,Raniganj Coalfield,True
4.22,89.984,26.691,0.2966,2.59,69.14,110.75,439.53,0.2013,550.28,13.5,5.33,1,0,0.1481,1,2,2,1,0,5.0,6.0,1.2,2.0,1.0,2.0,3.0,0.0,0,Low,Synthetic Mine 073,Jharkhand,North Karanpura Coalfield,True
3.864,47.951,3.078,0.0642,9.14,28.12,173.11,262.79,0.3971,435.9,6.6,2.97,1,1,0.037,1,2,1,0,1,0.0,0.0,0.0,0.0,0.0,0.0,0.0,0.0,1,Medium,Synthetic Mine 074,Orissa,Ib Valley Coalfield,True
2.416,10.772,1.052,0.0977,6.56,6.91,40.85,164.86,0.1986,205.71,16.2,0.75,0,0,0.037,2,0,2,2,1,2.0,2.0,1.0,1.0,0.0,0.0,1.0,0.0,0,Low,Synthetic Mine 075,Chhattisgarh,Korba Coalfield,True
19.49,1624.161,29.5505,0.3797,5.365,140.02,157.63,353.245,0.319,515.915,11.0,2.08,1,0,0.05,2,2,2,2,0,2.0,2.0,1.0,1.0,0.0,0.0,1.0,0.0,0,Low,North Of Arkhapal And Srirampur Coal Block,Odisha,Talcher Coalfield,False
12.49,245.25,40.82,0.0734,7.87,16.11,915.42,350.06,0.6832,1009.25,9.8,1.72,0,1,0.1988,0,0,0,0,4,14.3,15.4,1.01,2.2,4.7,3.0,2.3,2.9,3,Critical,Synthetic Critical Mine 01,Madhya Pradesh,East Bokaro Coalfield,True
4.54,57.39,15.98,0.12,16.32,9.17,238.3,47.18,0.7769,465.18,6.3,0.33,0,1,0.116,0,0,0,0,4,6.8,13.4,1.05,9.3,2.8,4.3,3.9,1.6,3,Critical,Synthetic Critical Mine 02,Chhattisgarh,East Bokaro Coalfield,True
2.88,40.26,6.55,0.189,14.73,5.03,168.36,73.72,0.7845,327.32,8.5,1.22,0,0,0.0921,0,0,0,0,4,13.1,7.4,2.2,2.6,7.9,4.9,3.2,0.0,3,Critical,Synthetic Critical Mine 03,Madhya Pradesh,Korba Coalfield,True
21.79,445.11,22.51,0.1038,7.39,56.8,1332.91,434.25,0.4254,2014.44,6.0,1.54,1,0,0.1342,0,0,0,0,4,10.7,21.5,2.27,7.8,2.7,2.3,2.2,2.1,3,Critical,Synthetic Critical Mine 04,Chhattisgarh,East Bokaro Coalfield,True
14.3,327.72,16.65,0.1345,14.35,8.81,861.24,374.63,0.4812,1683.48,7.6,1.48,1,1,0.1712,0,0,0,0,4,14.5,19.8,2.21,3.5,7.2,3.7,6.8,2.7,3,Critical,Synthetic Critical Mine 05,Madhya Pradesh,East Bokaro Coalfield,True
5.08,68.81,9.14,0.1791,6.08,5.19,258.5,84.67,0.4479,475.14,9.7,0.85,0,0,0.1106,0,0,0,0,4,6.0,9.3,1.37,7.6,6.0,1.7,8.0,0.8,3,Critical,Synthetic Critical Mine 06,Chhattisgarh,East Bokaro Coalfield,True
13.51,160.78,13.13,0.1521,12.37,8.44,778.72,375.29,0.4323,1280.47,5.5,1.67,0,1,0.145,0,0,0,0,4,13.0,6.5,2.25,4.6,2.3,1.2,5.5,2.0,3,Critical,Synthetic Critical Mine 07,Madhya Pradesh,East Bokaro Coalfield,True
16.34,292.52,11.64,0.1536,10.64,23.65,602.5,330.56,0.4454,1911.42,9.3,0.74,1,1,0.1973,0,0,0,0,4,12.7,9.4,2.49,9.7,4.9,5.4,3.1,0.8,3,Critical,Synthetic Critical Mine 08,Madhya Pradesh,Korba Coalfield,True
25.98,591.12,63.3,0.1903,15.42,40.33,1533.54,549.9,0.7761,3089.88,5.7,0.82,0,0,0.1478,0,0,0,0,4,8.4,17.1,1.36,4.6,6.2,4.2,7.1,2.0,3,Critical,Synthetic Critical Mine 09,Jharkhand,Korba Coalfield,True
12.3,121.48,27.0,0.109,16.7,14.98,857.53,308.37,0.6308,1225.92,5.2,1.53,0,0,0.1653,0,0,0,0,4,5.7,21.9,1.7,4.2,7.2,4.7,7.7,1.0,3,Critical,Synthetic Critical Mine 10,Chhattisgarh,West Bokaro Coalfield,True
