state,year,total_accidents,total_killed,fatality_rate,oc_accidents,ug_accidents,roof_fall_accidents,transport_accidents,fire_gas_accidents
Chhattisgarh,2016,5,5,1.0,1,1,1,3,0
Chhattisgarh,2017,7,7,1.0,1,2,1,3,1
Chhattisgarh,2018,12,15,1.25,5,2,2,6,2
Chhattisgarh,2019,7,8,1.14,3,0,2,3,0
Chhattisgarh,2020,12,12,1.0,2,1,1,5,1
Chhattisgarh,2021,5,5,1.0,0,0,1,0,0
Chhattisgarh,2022,2,2,1.0,1,0,0,1,0
Gujarat,2018,1,2,2.0,0,0,0,1,0
Jharkhand,2016,22,22,1.0,8,0,2,10,1
Jharkhand,2017,11,12,1.09,4,0,0,5,0
Jharkhand,2018,9,14,1.56,2,1,1,2,0
Jharkhand,2019,11,11,1.0,3,1,2,3,0
Jharkhand,2020,8,9,1.12,3,0,0,3,0
Jharkhand,2021,7,8,1.14,1,0,2,3,0
Jharkhand,2022,5,6,1.2,2,1,2,3,0
Madhya Pradesh,2016,11,12,1.09,2,3,4,5,1
Madhya Pradesh,2017,6,8,1.33,0,0,3,2,0
Madhya Pradesh,2018,6,9,1.5,1,1,1,1,1
Madhya Pradesh,2019,2,2,1.0,1,0,0,1,0
Madhya Pradesh,2020,4,5,1.25,1,0,1,3,0
Madhya Pradesh,2021,7,7,1.0,1,0,2,2,0
Madhya Pradesh,2022,3,4,1.33,0,2,2,0,0
Maharashtra,2016,4,4,1.0,0,0,0,2,0
Maharashtra,2017,3,4,1.33,0,0,1,0,0
Maharashtra,2018,2,2,1.0,0,0,0,0,0
Maharashtra,2019,3,4,1.33,0,1,0,1,0
Maharashtra,2020,4,4,1.0,0,0,1,2,0
Maharashtra,2021,4,4,1.0,2,0,0,1,0
Orissa,2016,2,2,1.0,0,0,1,0,0
Orissa,2017,5,5,1.0,5,0,0,4,0
Orissa,2018,8,8,1.0,5,0,0,3,0
Orissa,2019,7,10,1.43,5,0,1,2,0
Orissa,2020,5,5,1.0,2,0,1,2,0
Orissa,2021,2,2,1.0,0,0,0,1,0
Rajasthan,2017,1,1,1.0,1,0,0,0,0
Rajasthan,2019,1,1,1.0,0,0,0,1,0
Tamil Nadu,2016,2,2,1.0,0,0,0,0,0
Tamil Nadu,2017,1,1,1.0,0,0,0,1,0
Tamil Nadu,2018,1,1,1.0,0,0,0,0,0
Tamil Nadu,2019,1,1,1.0,0,0,0,0,0
Telangana,2016,10,12,1.2,2,1,4,3,1
Telangana,2017,12,13,1.08,2,0,1,6,0
Telangana,2018,8,8,1.0,4,1,0,4,0
Telangana,2019,8,8,1.0,0,2,1,5,0
Telangana,2020,9,12,1.33,2,1,1,2,1
Telangana,2021,7,13,1.86,3,1,2,2,0
Telangana,2022,3,5,1.67,1,0,1,1,0
Uttar Pradesh,2016,1,1,1.0,0,0,0,1,0
Uttar Pradesh,2017,1,1,1.0,0,0,0,1,0
Uttar Pradesh,2018,1,1,1.0,0,0,0,1,0
Uttar Pradesh,2019,2,2,1.0,1,0,0,1,0
Uttar Pradesh,2021,1,1,1.0,0,0,0,1,0
West Bengal,2016,10,11,1.1,0,3,2,4,1
West Bengal,2017,9,9,1.0,0,0,2,4,0
West Bengal,2018,1,2,2.0,0,0,1,0,0
West Bengal,2019,8,8,1.0,0,0,1,0,0
West Bengal,2020,6,6,1.0,0,0,3,2,0
West Bengal,2021,10,16,1.6,0,2,3,4,0
West Bengal,2022,2,2,1.0,0,1,2,0,0
